S01E01;Florent Bernard;Jack Parker;François Descraques;Mcfly
S01E01;Adrien Ménielle;Jack Parker;François Descraques;Mcfly
S01E02;Florent Bernard;Greg Romano;Nicolas Berno;Vincent Tirel
S01E02;Adrien Ménielle;Greg Romano;Nicolas Berno;Vincent Tirel
S01E03;Florent Bernard;Vanessa Brias;Eleonore Costes;Clara Kane 
S01E03;Adrien Ménielle;Vanessa Brias;Eleonore Costes;Clara Kane 
S01E04;Florent Bernard;Justine LePottier;Axel Maliverney 
S01E04;Adrien Ménielle;Justine LePottier;Axel Maliverney 
S01E05;Florent Bernard;Julien Pestel;Carlito;Mcfly
S01E05;Adrien Ménielle;Julien Pestel;Carlito;Mcfly
S01E06;Florent Bernard;Aude Gogny-Goubert;David Fontao;Patrick Baud
S01E06;Adrien Ménielle;Aude Gogny-Goubert;David Fontao;Patrick Baud
S01E07;Florent Bernard;Navie;Valentin Vincent;Justine LePottier
S01E07;Adrien Ménielle;Navie;Valentin Vincent;Justine LePottier
S01E08;Florent Bernard;Freddy Gladieux;Pierre Lapin;Aurélien Préveau
S01E08;Adrien Ménielle;Freddy Gladieux;Pierre Lapin;Aurélien Préveau
S01E09;Florent Bernard;Anne-Sophie Girard;Simon Astier;Nicolas Berno
S01E09;Adrien Ménielle;Anne-Sophie Girard;Simon Astier;Nicolas Berno
S02E01;Florent Bernard;Patrick Baud;Charlie Danger;Slimane;Baptiste Berhoun;Thomas Hercouet;François Descraques
S02E01;Adrien Ménielle;Patrick Baud;Charlie Danger;Slimane;Baptiste Berhoun;Thomas Hercouet;François Descraques
S02E02;Florent Bernard;Maud Givert;Sophie Riche;Sophie-Marie Larrouy
S02E02;Adrien Ménielle;Maud Givert;Sophie Riche;Sophie-Marie Larrouy
S02E03;Florent Bernard;Teddy Férent;Audrey Pirault;Julien Pestel
S02E03;Adrien Ménielle;Teddy Férent;Audrey Pirault;Julien Pestel
S02E04;Florent Bernard;Dan Gagnon;Anthony Mirelli
S02E04;Adrien Ménielle;Dan Gagnon;Anthony Mirelli
S03E01;Florent Bernard;Jérome Niel;Ornella Fleury;Gaël Mectoob
S03E01;Adrien Ménielle;Jérome Niel;Ornella Fleury;Gaël Mectoob
S03E02;Florent Bernard;Marina Rollman;Anis;Tom Evrard
S03E02;Adrien Ménielle;Marina Rollman;Anis;Tom Evrard
S03E03;Florent Bernard;Antoine Daniel;Antoine Piombino;Luciole
S03E03;Adrien Ménielle;Antoine Daniel;Antoine Piombino;Luciole
S03E04;Florent Bernard;Navo;Léopold Lemarchand
S03E04;Adrien Ménielle;Navo;Léopold Lemarchand
S03E05;Florent Bernard;Kyan Khojandi;Alison Wheeler;Timothée Hochet
S03E06;Florent Bernard;Vesper;Lucien Maine;Joe Hume
S03E07;Florent Bernard;Jérémie Dethelot;Pierre Lapin;Sylvain
S03E07;Adrien Ménielle;Jérémie Dethelot;Pierre Lapin;Sylvain
S03E08;Florent Bernard;
S03E08;Adrien Ménielle;
S03E09;Florent Bernard;Jack Parker;Julien Pestel;Valentin Vincent
S03E09;Adrien Ménielle;Jack Parker;Julien Pestel;Valentin Vincent
S03E10;Florent Bernard;Ina Mihalache
S03E11;Florent Bernard;Vincent Tirel;Julien Josselin;Raphaël Descraques
S03E12;Florent Bernard;Sébastien Chassagne;Marjorie LeNoan;Simon Astier
S03E12;Adrien Ménielle;Sébastien Chassagne;Marjorie LeNoan;Simon Astier
S03E13;Florent Bernard;Pénélope Bagieu;Dedo;PV Nova 
S03E13;Adrien Ménielle;Pénélope Bagieu;Dedo;PV Nova
S04E01;Florent Bernard;Davy Mourier;Jhon Rachid;François Descraques;Baptiste Lorber
S04E01;Adrien Ménielle;Davy Mourier;Jhon Rachid;François Descraques;Baptiste Lorber
S04E02;Florent Bernard;Céline Tran;Navie;Aurélien Préveaux
S04E02;Adrien Ménielle;Céline Tran;Navie;Aurélien Préveaux
S04E03;Florent Bernard;
S04E03;Adrien Ménielle;
S04E04;Florent Bernard;Natoo;Lucien Maine;Freddy Gladieux
S04E04;Adrien Ménielle;Natoo;Lucien Maine;Freddy Gladieux
S04E05;Florent Bernard;Patrick Baud;Bruno Muschio;Valentin Vincent
S04E05;Adrien Ménielle;Patrick Baud;Bruno Muschio;Valentin Vincent
S04E06;Florent Bernard;Jérome Niel;Vincent Tirel;Axel Maliverney
S04E06;Adrien Ménielle;Jérome Niel;Vincent Tirel;Axel Maliverney
S04E07;Florent Bernard;Jonathan Cohen;Laura Felpin;Jérémie Galan
S04E07;Adrien Ménielle;Jonathan Cohen;Laura Felpin;Jérémie Galan
S04E08;Florent Bernard;Julien Josselin;Mélody Collange;Clara Lesage;Vanessa Brias
S04E09;Florent Bernard;Guilhem Malissen;Pierre Lapin
S04E09;Adrien Ménielle;Guilhem Malissen;Pierre Lapin
S04E10;Florent Bernard;Amaury Magne;Kalindi Ramphul;Queen Camille;Jean-Baptiste Toussaint
S04E10;Adrien Ménielle;Amaury Magne;Kalindi Ramphul;Queen Camille;Jean-Baptiste Toussaint
S04E11;Florent Bernard;Baptiste Lecaplain;Robinson Latour;Aurélien Préveaux
S04E11;Adrien Ménielle;Baptiste Lecaplain;Robinson Latour;Aurélien Préveaux
S04E13;Florent Bernard;Justine LePottier;Paul Scarfoglio;Valentin Vincent;Camille Clariss
S04E14;Florent Bernard;David Marsais;Grégoire Ludig
S04E15;Florent Bernard;Pierre-François Martin-Laval;Maurice Barthélémy;Elise Larnicol
S04E16;Florent Bernard;Audrey Pirault;Gaël Mectoob;Justine LePottier
S04E17;Florent Bernard;Manon Bril;le Capitaine du Nexus VI;Jean-Baptiste Siraudin
S04E18;Florent Bernard;Sophie-Marie Larrouy;Jérome Niel;Tom Evrard
S04E19;Florent Bernard;Vesper;Joe Hume;Ben Renaut
S04E20;Florent Bernard;Mister V;Thomas Gauthier;Freddy Gladieux
S04E21;Florent Bernard;Antoine;Sarah;Julie;Greg
S04E22;Florent Bernard;Akim Omiri;Luciole;Aslak Lefebvre;Adrien Ménielle
S04E23;Florent Bernard;Babor;Mélody Collange;JB de Tales from The Click
S04E24;Florent Bernard;Eleonore Costes;Vanessa Brias;Clara Lesage
S04E25;Florent Bernard;Joe Hume;Ben Renaut
S05E01;Florent Bernard;Shirley Souagnon;Yacine Belhousse;Dedo
S05E02;Florent Bernard;Roxane Bret;Lucien Maine;Valentin Vincent;le Père Fourras
S05E03;Florent Bernard;Kyan Khojandi;Ludoc;Vanessa Brias;Jérémie Galand;Tom Evrard
S05E04;Florent Bernard;Ludovik;Caroline Anglade;Jérome Niel;Nicolas Berno
S05E05;Florent Bernard;Pierre Lapin;Michel Sardou
S05E06;Florent Bernard;Hakim Jemili;Insaf Oo
S05E07;Florent Bernard;Mehdi Maïzi;Aurélien Préveaux;Sylvqin
S05E08;Florent Bernard;Vesper;Joe Hume;Ben Renaut
S05E09;Florent Bernard;Monsieur Poulpe;Mister V;Eleonore Costes;Baptiste Lecaplain
S05E10;Florent Bernard;Adrien Ménielle
S05E11;Florent Bernard;Alison Wheeler;Anne-Sophie Girard;Léopold Lemarchand
S05E12;Florent Bernard;MYD;Lou Howard;Pierre Lapin
S05E13;Florent Bernard;Constance Labbé;Axel Maliverney
S05E14;Florent Bernard;Pierre Lapin
S05E15;Florent Bernard;Sophie Garric;Julien Josselin;Gaël Mectoob
S05E16;Florent Bernard;Laura Felpin;Julien Pestel
S05E17;Florent Bernard;Thomas VDB;Ambre Larrazet;François Descraques
S05E18;Florent Bernard;Fanny Ruwet;Thomas Wiesel;Ghislan Blique
S05E19;Florent Bernard;François Descraques;Valentin Vincent;Timothée Hochet
S05E20;Florent Bernard;Marina Rollman;Alison Wheeler;Hakim Jemili;Patrick Baud;Simon Astier
S05E21;Florent Bernard;Natoo;Léopold Lemarchand;Mcfly;Pierre Lapin;Julien Paniac;Maxence Lapérouse;Dan Gagnon;Clara Lesage;ma mère
S05E22;Florent Bernard;Adrien Ménielle
S05E23;Florent Bernard;Patrick Baud;Julien Ménielle;JB de Tales from The Click;Domingo;Squeezie;BigFlo;Mehdi Maïzi;Laura Felpin;Pierre Lapin
S05E24;Florent Bernard;Cyprien Iov;Marjorie LeNoan;Jérémie Dethelot;Justine LePottier
S05E25;Florent Bernard;Alban Lenoir;Sébastien Lalanne;Guillaume Pierret;Robinson Latour
S05E26;Florent Bernard;Doully;Audrey Pirault;Guillaume Brouzes
S05E27;Florent Bernard;Yerim Sar;Ngiraan Fall;Mehdi Maizi;Aslak Lefevre
S05E28;Florent Bernard;Maghla;Emy Ltr;Taous Merakchi
S05E29;Florent Bernard;Panayotis Pascot;Alex Ramires;Anis Rhali;Adrien Ménielle
S06E01;Florent Bernard;Morgane Cadignan;Freddy Gladieux;Aurélien Préveaux
S06E02;Florent Bernard;David Combet;Davy Mourier
S06E03;Florent Bernard;Mister MV;Antoine Daniel;Florence d'Angle Droit
S06E04;Florent Bernard;Adrien Ménielle
S06E05;Florent Bernard;Pierre Lapin
S06E06;Florent Bernard;Bérengère Krief;Ben Mazué;Marine Baousson
S06E07;Florent Bernard;Lucas Pastor;Jenny Letellier;Valentin Jean
S06E08;Florent Bernard;Antoine Piombino;Justine LePottier;Teddy Férent
S06E09;Florent Bernard;Julien Granel;Pi Ja Ma;Maxence
S06E10;Florent Bernard;Marion Creusvaux;Julien Pestel;Valentin Vincent
S06E11;Florent Bernard;Lison Daniel;MYD;Laura Felpin
S06E12;Florent Bernard;Benjamin Tranié;Morgane Cadignan;Jérome Niel
S06E13;Florent Bernard;Adrien Ménielle
S06E14;Florent Bernard;Sébastien Chassagne;Sophie-Marie Larrouy;Lucien Maine
S07E01;Florent Bernard;Squeezie;Natoo;MYD
S07E02;Florent Bernard;Léopold Lemarchand;Jérome Niel;Axel Maliverney
S07E03;Florent Bernard;Doully;Jean-Baptiste Toussaint;Ornella Fleury
S07E04;Florent Bernard;Horty;Pierre Lapin
S07E05;Florent Bernard;Kronomuzik;Manon Bril;Patrick Baud
S07E06;Florent Bernard;Pénélope Bagieu;Lucien Maine;Lisa Villaret;Max Mammouth
S07E07;Florent Bernard;Aude Gogny-Goubert;Valentin Vincent
S07E08;Florent Bernard;Tiphaine Daviot;Simon Astier;Jérémie Dethelot
S07E09;Florent Bernard;Morgane Cadignan;Julien Paniac;Patrick Baud
S07E10;Florent Bernard;Antoine de Caunes;Monsieur Poulpe;Vanessa Brias
S07E11;Florent Bernard;Ramzy Bedia;Baptiste Lorber;Nicolas Berno
S07E12;Florent Bernard;Thomas VDB;Eleonore Costes;Aurélien Préveaux
S07E13;Florent Bernard;Pierre Lapin
S07E14;Florent Bernard;Domingo;Maxence
S07E15;Florent Bernard;Baptiste Lecaplain;Doully;Jérome Niel
S07E16;Florent Bernard;Jenny Letellier;Natoo;Léopold Lemarchand;Aurélien Préveaux
S07E17;Florent Bernard;Audrey Pirault;Aurélien Préveaux
S07E18;Florent Bernard;Lucas Pastor;Timothée Hochet;Axel Maliverney
S07E19;Florent Bernard;David Marsais;Grégoire Ludig du Palmashow
S07E20;Florent Bernard;Ponce;Ultia;Rivenzi
S07E21;Florent Bernard;Djilsi;Mehdi Maïzi;Justine LePottier
S07E22;Florent Bernard;Florent Bernard
S07E23;Florent Bernard;Mister V;Freddy Gladieux
S07E24;Florent Bernard;Sophie-Marie Larrouy;Alison Chassagne
S07E25;Florent Bernard;Julien Ménielle;Marie de Brauer;Maxime Musqua
S07E26;Florent Bernard;Maxime Biaggi;Pi Ja Ma;Sylvqin
S07E27;Florent Bernard;Florent Bernard
S07E28;Florent Bernard;Jean-Baptiste Toussaint;Guigui Pop
S07E29;Florent Bernard;Eleonore Costes;Sébastien Chassagne
S07E30;Florent Bernard;Camille Lavabre;Julien Josselin;Valentin Vincent
S07E31;Florent Bernard;David Honnorat;Hugo Alexandre;Vesper
S07E32;Florent Bernard;Jonathan Lambert;Anna Apter;Kyan Khojandi
S07E33;Florent Bernard;Gaël Mectoob;Justine LePottier
S07E34;Florent Bernard;Camille Fievez;Babor
S07E35;Florent Bernard;Pierre Niney;Pi Ja Ma
S07E36;Florent Bernard;Florent Bernard
S07E37;Florent Bernard;Doully;Axel Maliverney
S07E38;Florent Bernard;BigFlo;Oli
S07E39;Florent Bernard;Camille Combal;Nathalie Odzierejko
S07E40;Florent Bernard;Ben Renaut;Vesper;Joe Hume
S07E41;Florent Bernard;Pierre Lapin
S08E01;Florent Bernard;Jérome Commandeur;Malik Bentalha;Joséphine Japy
S08E02;Florent Bernard;Orelsan;Clément Cotentin
S08E03;Florent Bernard;Tokou;Léopold Lemarchand
S08E04;Florent Bernard;Baptiste Lecaplain;Doully
S08E05;Florent Bernard;Justine LePottier;Julien Josselin;Valentin Vincent
S08E06;Florent Bernard;Sophie-Marie Larrouy;Jérome Niel
S08E07;Florent Bernard;Antoine Piombino;Etienne 4 U
S08E08;Florent Bernard;Audrey Pirault;Simon Astier
S04E13;Adrien Ménielle;Justine LePottier;Paul Scarfoglio;Valentin Vincent;Camille Clariss
S04E14;Adrien Ménielle;David Marsais;Grégoire Ludig
S04E15;Adrien Ménielle;Pierre-François Martin-Laval;Maurice Barthélémy;Elise Larnicol
S04E16;Adrien Ménielle;Audrey Pirault;Gaël Mectoob;Justine LePottier
S04E17;Adrien Ménielle;Manon Bril;le Capitaine du Nexus VI;Jean-Baptiste Siraudin
S04E18;Adrien Ménielle;Sophie-Marie Larrouy;Jérome Niel;Tom Evrard
S04E19;Adrien Ménielle;Vesper;Joe Hume;Ben Renaut
S04E20;Adrien Ménielle;Mister V;Thomas Gauthier;Freddy Gladieux
S04E21;Adrien Ménielle;Antoine;Sarah;Julie;Greg
S04E22;Adrien Ménielle;Akim Omiri;Luciole;Aslak Lefebvre
S04E23;Adrien Ménielle;Babor;Mélody Collange;JB de Tales from The Click
S04E24;Adrien Ménielle;Eleonore Costes;Vanessa Brias;Clara Lesage
S04E25;Adrien Ménielle;Joe Hume;Ben Renaut
S05E01;Adrien Ménielle;Shirley Souagnon;Yacine Belhousse;Dedo
S05E02;Adrien Ménielle;Roxane Bret;Lucien Maine;Valentin Vincent;le Père Fourras
S05E03;Adrien Ménielle;Kyan Khojandi;Ludoc;Vanessa Brias;Jérémie Galand;Tom Evrard
S05E04;Adrien Ménielle;Ludovik;Caroline Anglade;Jérome Niel;Nicolas Berno
S05E05;Adrien Ménielle;Pierre Lapin;Michel Sardou
S05E06;Adrien Ménielle;Hakim Jemili;Insaf Oo
S05E07;Adrien Ménielle;Mehdi Maïzi;Aurélien Préveaux;Sylvqin
S05E08;Adrien Ménielle;Vesper;Joe Hume;Ben Renaut
S05E09;Adrien Ménielle;Monsieur Poulpe;Mister V;Eleonore Costes;Baptiste Lecaplain
S05E10;Adrien Ménielle;Florent Bernard
S05E11;Adrien Ménielle;Alison Wheeler;Anne-Sophie Girard;Léopold Lemarchand
S05E12;Adrien Ménielle;MYD;Lou Howard;Pierre Lapin
S05E13;Adrien Ménielle;Constance Labbé;Axel Maliverney
S05E14;Adrien Ménielle;Pierre Lapin
S05E15;Adrien Ménielle;Sophie Garric;Julien Josselin;Gaël Mectoob
S05E16;Adrien Ménielle;Laura Felpin;Julien Pestel
S05E17;Adrien Ménielle;Thomas VDB;Ambre Larrazet;François Descraques
S05E18;Adrien Ménielle;Fanny Ruwet;Thomas Wiesel;Ghislan Blique
S05E19;Adrien Ménielle;François Descraques;Valentin Vincent;Timothée Hochet
S05E20;Adrien Ménielle;Marina Rollman;Alison Wheeler;Hakim Jemili;Patrick Baud;Simon Astier
S05E21;Adrien Ménielle;Natoo;Léopold Lemarchand;Mcfly;Pierre Lapin;Julien Paniac;Maxence Lapérouse;Dan Gagnon;Clara Lesage;ma mère
S05E22;Adrien Ménielle;Florent Bernard
S05E23;Adrien Ménielle;Patrick Baud;Julien Ménielle;JB;Domingo;Squeezie;BigFlo;Mehdi Maizi;Laura Felpin;Pierre Lapin
S05E24;Adrien Ménielle;Cyprien Iov;Marjorie LeNoan;Jérémie Dethelot;Justine LePottier
S05E25;Adrien Ménielle;Alban Lenoir;Sébastien Lalanne;Guillaume Pierret;Robinson Latour
S05E26;Adrien Ménielle;Doully;Audrey Pirault;Guillaume Brouzes
S05E27;Adrien Ménielle;Yerim Sar;Ngiraan Fall;Mehdi Maizi;Aslak Lefevre
S05E28;Adrien Ménielle;Maghla;Emy Ltr;Taous Merakchi
S05E29;Adrien Ménielle;Panayotis Pascot;Alex Ramires;Anis Rhali
S06E01;Adrien Ménielle;Morgane Cadignan;Freddy Gladieux;Aurélien Préveaux
S06E02;Adrien Ménielle;David Combet;Davy Mourier
S06E03;Adrien Ménielle;Mister MV;Antoine Daniel;Florence d'Angle Droit
S06E04;Adrien Ménielle;Florent Bernard
S06E05;Adrien Ménielle;Pierre Lapin
S06E06;Adrien Ménielle;Bérengère Krief;Ben Mazué;Marine Baousson
S06E07;Adrien Ménielle;Lucas Pastor;Jenny Letellier;Valentin Jean
S06E08;Adrien Ménielle;Antoine Piombino;Justine LePottier;Teddy Férent
S06E09;Adrien Ménielle;Julien Granel;Pi Ja Ma;Maxence
S06E10;Adrien Ménielle;Marion Creusvaux;Julien Pestel;Valentin Vincent
S06E11;Adrien Ménielle;Lison Daniel;MYD;Laura Felpin
S06E12;Adrien Ménielle;Benjamin Tranié;Morgane Cadignan;Jérome Niel
S06E13;Adrien Ménielle;Florent Bernard
S06E14;Adrien Ménielle;Sébastien Chassagne;Sophie-Marie Larrouy;Lucien Maine
S07E01;Adrien Ménielle;Squeezie;Natoo;MYD
S07E02;Adrien Ménielle;Léopold Lemarchand;Jérome Niel;Axel Maliverney
S07E03;Adrien Ménielle;Doully;Jean-Baptiste Toussaint;Ornella Fleury
S07E04;Adrien Ménielle;Horty;Pierre Lapin
S07E05;Adrien Ménielle;Kronomuzik;Manon Bril;Patrick Baud
S07E06;Adrien Ménielle;Pénélope Bagieu;Lucien Maine;Lisa Villaret;Max Mammouth
S07E07;Adrien Ménielle;Aude Gogny-Goubert;Valentin Vincent
S07E08;Adrien Ménielle;Tiphaine Daviot;Simon Astier;Jérémie Dethelot
S07E09;Adrien Ménielle;Morgane Cadignan;Julien Paniac;Patrick Baud
S07E10;Adrien Ménielle;Antoine de Caunes;Monsieur Poulpe;Vanessa Brias
S07E11;Adrien Ménielle;Ramzy Bedia;Baptiste Lorber;Nicolas Berno
S07E12;Adrien Ménielle;Thomas VDB;Eleonore Costes;Aurélien Préveaux
S07E13;Adrien Ménielle;Pierre Lapin
S07E14;Adrien Ménielle;Domingo;Maxence
S07E15;Adrien Ménielle;Baptiste Lecaplain;Doully;Jérome Niel
S07E16;Adrien Ménielle;Jenny Letellier;Natoo;Léopold Lemarchand;Aurélien Préveaux
S07E17;Adrien Ménielle;Audrey Pirault;Aurélien Préveaux
S07E18;Adrien Ménielle;Lucas Pastor;Timothée Hochet;Axel Maliverney
S07E19;Adrien Ménielle;David Marsais;Grégoire Ludig du Palmashow
S07E20;Adrien Ménielle;Ponce;Ultia;Rivenzi
S07E21;Adrien Ménielle;Djilsi;Mehdi Maïzi;Justine LePottier
S07E22;Adrien Ménielle;Adrien Ménielle
S07E23;Adrien Ménielle;Mister V;Freddy Gladieux
S07E24;Adrien Ménielle;Sophie-Marie Larrouy;Alison Chassagne
S07E25;Adrien Ménielle;Julien Ménielle;Marie de Brauer;Maxime Musqua
S07E26;Adrien Ménielle;Maxime Biaggi;Pi Ja Ma;Sylvqin
S07E27;Adrien Ménielle;Adrien Ménielle
S07E28;Adrien Ménielle;Jean-Baptiste Toussaint;Guigui Pop
S07E29;Adrien Ménielle;Eleonore Costes;Sébastien Chassagne
S07E30;Adrien Ménielle;Camille Lavabre;Julien Josselin;Valentin Vincent
S07E31;Adrien Ménielle;David Honnorat;Hugo Alexandre;Vesper
S07E32;Adrien Ménielle;Jonathan Lambert;Anna Apter;Kyan Khojandi
S07E33;Adrien Ménielle;Gaël Mectoob;Justine LePottier
S07E34;Adrien Ménielle;Camille Fievez;Babor
S07E35;Adrien Ménielle;Pierre Niney;Pi Ja Ma
S07E36;Adrien Ménielle;Adrien Ménielle
S07E37;Adrien Ménielle;Doully;Axel Maliverney
S07E38;Adrien Ménielle;BigFlo;Oli
S07E39;Adrien Ménielle;Camille Combal;Nathalie Odzierejko
S07E40;Adrien Ménielle;Ben Renaut;Vesper;Joe Hume
S07E41;Adrien Ménielle;Pierre Lapin
S08E01;Adrien Ménielle;Jérome Commandeur;Malik Bentalha;Joséphine Japy
S08E02;Adrien Ménielle;Orelsan;Clément Cotentin
S08E03;Adrien Ménielle;Tokou;Léopold Lemarchand
S08E04;Adrien Ménielle;Baptiste Lecaplain;Doully
S08E05;Adrien Ménielle;Justine LePottier;Julien Josselin;Valentin Vincent
S08E06;Adrien Ménielle;Sophie-Marie Larrouy;Jérome Niel
S08E07;Adrien Ménielle;Antoine Piombino;Etienne 4 U
S08E08;Adrien Ménielle;Audrey Pirault;Simon Astier
